"Name","Old School","New School"
"Eduardo Salinas","UT Rio Grande Valley",""
"Dawson Salter","UNC Asheville",""
"Andre Martinez","UT Rio Grande Valley",""
"Graham Smiley","NC State","Appalachian State"
"Carson Case","Nevada",""
"Cole Plowman","Wichita State",""
"Damon Fernandez","UTSA",""
"Samuel Schlecht","St. Thomas",""
"Anderson Acinger","Texas Tech","LSU-Shreveport"
"Tyler Howry","Wichita State",""
"Jack Lamb","Longwood",""
"Tyler Lejeune","Arizona","Northwest Florida State"
"Thomas Groom","South Florida",""
"Jacob Clack","UL Monroe",""
"Frank Micallef","South Florida",""
"Tate Moody","Wichita State",""
"Christian Williams","USC Upstate",""
"Alex Mintz","UTSA",""
"Anthony Mierez","Central Connecticut State",""
"Kaydon Patrick","Central Arkansas",""
"Keaton Hopwood","Coastal Carolina",""
"Charles Barrow","Coastal Carolina",""
"Jackson Young","Wichita State",""
"Dominic Verrastro","Pittsburgh",""
"Ty Foree","Southern Indiana",""
"Jacob Woolf","Southern Indiana",""
"Stephen Park","UT Martin",""
"Johnathan Little","UL Monroe",""
"Dylan Quintilio","Kennesaw State",""
"Santino Rao","South Florida","Northwestern"
"Jacob Balsley","Kennesaw State",""
"Michael Douglas","UNC Asheville",""
"Christian Rice","Wofford",""
"Michael Ramos Ii","UT Rio Grande Valley",""
"Carson Mccoy","Louisiana",""
"Brayden Childress","Southern Illinois",""
"Caden Brown","Central Arkansas",""
"Cameron Lee","High Point",""
"Mitchell Sisk","Middle Tennessee",""
"Aaron Flink","Kennesaw State","USC Aiken"
"Peyton Havard","Louisiana",""
"Cooper Symmons","Fairleigh Dickinson",""
"Brendan Burke","Western Carolina",""
"Kyle Williams","Central Arkansas",""
"Aidan Larkin","Central Connecticut State",""
"Eric Chorba","Longwood",""
"Jack Cue","Louisiana Tech",""
"Jack Giovenco","Fairleigh Dickinson",""
"William Pope","Fairleigh Dickinson",""
"Jackson Walker","Louisiana Tech",""
"Davis Mortland","Western Carolina",""
"James Kirkpatrick","Harvard",""
"Sean Wininger","Central Connecticut State",""
"Ken Hemmer","San Francisco",""
"Kyle Stephenson","Kennesaw State","Georgia Highlands College"
"Cade Sadler","Kennesaw State","Northwestern Florida State"
"Aidan Quinn","Coastal Carolina",""
"John Inskeep","Virginia Military",""
"Adam Fine","Saint Joseph's",""
"Derian Morphew","Brown",""
"Hazen Lancaster","Western Carolina",""
"William Mrowka","George Mason",""
"Alexander Knapp","George Mason",""
"Caden Rector","Western Carolina",""
"Joseph Phan","Western Carolina",""
"Carlos Martinez","East Tennessee State",""
"Lucas Granger","St. Bonaventure",""
"Mason Sike","St. Bonaventure",""
"Trey Mclawhorn","BYU","Salt Lake (UT)"
"Nicholas Baker","Charleston Southern",""
"Colby Lunsford","Sacramento State",""
"Evan Grimes","Albany",""
"Timothy Mcclare","St. Bonaventure",""
"Tyler Curtis","St. Bonaventure",""
"Landen Johnson","Indiana State",""
"Dylan Fesperman","Arizona State",""
"Max Mendoza","Sacramento State",""
"Toren Herrick","Davidson",""
"Alex Flood","Presbyterian",""
"William Moore","Georgia","Georgia Highlands"
"Ryan Bhojwani","Virginia",""
"Aidan Dougherty","Oregon State",""
"Louis Berini","Greensboro College",""
"Michael Venditti","Pitt CC",""
"Brendan Bagwell","Radford",""
"Cameron Pool","McNeese",""
"Dylan Bowen","Middle Tennessee","Francis Marion"
"Braden Calise","Louisville",""
"Evan Avery","Central Connecticut State",""
"Aiden Myers","Navy",""
"Tobey Mcdonough","Brown",""
"Wyatt Morgan","Middle Tennessee",""
"Justin Weiss","Lafayette",""
"Cole Rodriguez","Toledo",""
"Brayden Siren","Middle Tennessee",""
"Avery Gunn","Middle Tennessee",""
"Jafar Vohra","Columbia",""
"Weston Eberly","Columbia","Georgia"
"Hayden Schott","Columbia","Texas A&M"
"Jason Mendler","High Point",""
"Mitchell Wood","Iowa","Yavapai CC (Ariz.)"
"Howard Sewell Jr","Manhattan",""
"Joshua Mccormick","Queens (NC)",""
"James Smith Jr.","Georgia",""
"Joseph Cava","Wagner",""
"John Genovesi","High Point",""
"Dj Heck","Iowa","Northwest Missouri State"
"Sawyer Voortman","Baylor",""
"Calvin Shepherd","Illinois",""
"Luke Fox","Holy Cross",""
"Darian Howard","LSU",""
"Andres Suarez","Ohio State",""
"Kellen Williamson","Utah Valley",""
"Jose Daza Guerra","Lindenwood",""
"Zachary Morris","Virginia Military",""
"Colton Bruns","Queens (NC)",""
"William Hanson","Queens (NC)",""
"Matthew Santarelli","Western Illinois","Heartland (IL)"
"Dalton Thomas","Lindenwood",""
"Jacob Fury","LSU",""
"William Taylor","Wofford",""
"Spencer Edwards","Cornell",""
"Logan Ymker","Presbyterian",""
"Peter Ciuffreda","Lafayette","Rutgers"
"Nicholas Nipper","Lindenwood",""
"Samuel Mcaleer","Wichita State",""
"Nathaniel Chudy","Holy Cross",""
"Trystan Sarcone","Dartmouth",""
"Christopher Benton","Holy Cross",""
"Carson Swank","Yale",""
"George Gaich","Yale",""
"John Rea","Lindenwood",""
"Harrison Oden","Lindenwood",""
"Matthew Hanson","Lindenwood",""
"Kyle Chmielewski","Lafayette",""
"Bobby Olsen","Nebraska",""
"Benjamin Talbot","Holy Cross",""
"Jeremy Neff","Richmond",""
"Ryan Neilson","Radford",""
"Nander De Sedas","Missouri",""
"Jason Neff","Richmond",""
"Cruz Valencia","Lindenwood",""
"Jack Dilauro","Holy Cross",""
"Jacob Mcosker","Holy Cross",""
"Kevin Okins","Lindenwood",""
"Jordan Petrushka","Holy Cross",""
"Cullen Santamaria","Central Connecticut State",""
"Kyle Merkle","Presbyterian",""
"Brendan Kelly","Stonehill",""
"Ryan Kutz","Davidson",""
"Seif Ingram","Lafayette",""
"William Potdevin","Bucknell",""
"Carter Kessinger","Yale",""
"Brendan Cumming","Princeton",""
"Henry Koehler","Davidson",""
"Jacob Peaden","Davidson",""
"Nicholas Davis","Northeastern",""
"David Schomberg","Davidson",""
"Bennett Flynn","Davidson",""
"Jacob Hinderleider","Davidson",""
"Peter Gallo","Saint Joseph's",""
"Ryan Ross","Cornell",""
"Devon Boyles","Radford",""
"Cole Gramling","Lindenwood",""
"Joseph Powers","Lindenwood",""
"Caden Macdonald","Princeton",""
"Landon Williams","Louisiana",""
"Ryan Anderson","Villanova",""
"Matthew Tyman","Stonehill",""
"Giovanni Digiacomo","LSU",""
"Conor Kiely","Stonehill",""
"Christian Brennan","Marist",""
"Owen Zadrozny","Charleston Southern",""
"Jackson Emus","Princeton",""
"Nathan Beimel","Columbia",""
"James Chatfield","Yale",""
"Owen Coady","Pennsylvania","Virginia"
"Chase Hughes","Presbyterian",""
"Wyatt Benge","Air Force",""
"Bryce Mangene","Pennsylvania",""
"Seth Werchan","Pennsylvania","Texas"
"Cole Palis","Pennsylvania",""
"Justin Carboni","Pennsylvania",""
"Ben Miller","Pennsylvania","Duke"
"David Shoemaker","Pennsylvania","Virginia Tech"
"Jackson Appel","Pennsylvania","Texas A&M"
"Luca Trigiani","Saint Joseph's","William & Mary"
"Andrew Blake","Columbia","Duke"
"Mark Trotta","George Mason",""
"Jason Reeves","Presbyterian",""
"Justin Pierre","Manhattan",""
"Brodie Mackay","Western Kentucky",""
"Jack Theil","South Carolina",""
"Kevin Karstetter","Houston",""
"Mason Kelly","Bucknell",""
"Theodore Farynick","Bucknell",""
"Jacob Terwilliger","Bucknell",""
"Alden Mathes","Richmond",""
"Christopher Klein","Bucknell",""
"Henry Novicki","Bucknell",""
"Jacob Wortman","Bucknell",""
"Kyle Lyons","Bucknell",""
"William Greer","Bucknell","VCU"
"Christopher Difiore","Bucknell",""
"Brock Goodwin","Monmouth",""
"James Zakhar","Dayton",""
"Evan Chenier","Virginia Commonwealth","FIU"
"Stephen Schenning","Mount St. Mary's",""
"Isaac Gochenouer","Hawaii",""
"Brian Morrell Ii","Hofstra",""
"Nicholas Gilhaus","Milwaukee",""
"Coleson Abel","Texas Tech","Lubbock Christian"
"Brandon Clarke","State College of Florida","Liberty"
"Jacob Ciccone","Lafayette","Monmouth"
"Gavin Noriega","Marist",""
"Brian Zeldin","Pennsylvania","Georgia"
"Brett Allen","UMass",""
"Braxton Pearson","TCU",""
"Connor Strickland","Florida State",""
"Robert Buckley","Charlotte",""
"Ryan Skjonsby","San Francisco",""
"Cale Lansville","LSU","San Jacinto (TX)"
"Nick Gaitan","Bethune-Cookman",""
"George Busnach","Charlotte",""
"Ben Loyd","Notre Dame",""
"Adam Dowler","Louisville",""
"Salvatore Dastoli","Sacred Heart",""
"Chris Sabo","UNC Asheville",""
"Brice Crider","Charlotte",""
"Aidan McEvoy","Charlotte",""
"Jon Sabtonik","Illinois State",""
"Joe Hollerbach","Cornell",""
"Raul Ortega","UT Rio Grande Valley",""
"Scott Newman","Wichita State",""
"Phili Healy","Columbia",""
"Andy Jones","Gardner-Webb",""
"Colin Jackson","UTSA",""
"Elijah Stewart","UL Monroe",""
"Josh Overbeek","Pittsburgh",""
"Trey Paige*","Delaware State","Kentucky"
"Rickey Rivas","Saint Peter's",""
"Andrew Ray","Mississippi State",""
"Ray Bermudez","Miami",""
"Adrian Dominguez","Miami",""
"Nathan Early","Ohio State",""
"Nick Castellana","Niagara",""
"Kenneth Schaedel","Georgia Tech",""
"Xander Stephens","Georgia Tech",""
"Tyler Christmas","Duke",""
"Aiden Adams","Tarleton State",""
"Dallas Griess","North Carolina",""
"Tyler Overholt","College of Charleston","Lander (NC)"
"Jordan Savinon","Longwood",""
"Seven Roach","Norfolk State",""
"Mason Caperton","New Mexico State",""
"Julian Grier","Southern",""
"Will Waldron","NC State",""
"Jadarion Herrod","Southern",""
"Steven Thompson","New Mexico State",""
"Andrew Holub","Tulane",""
"Drew Leach","Baylor",""
"Jeremy Figueroa","Texas Southern",""
"Brendan Moran","Nicholls State",""
"Alex Khan","West Virginia",""
"John Walsh","Indiana State",""
"Ryan Hughes","Loyola Marymount",""
"Collin Coker","Texas State",""
"Sean Lane","Maryland","Hofstra"
"Noah Burke","Penn State",""
"DeAndre Edwards","North Carolina A&T",""
"Brendan O'Donnell","Rider",""
"Jack Tomlinson","Coastal Carolina",""
"Dakotah Danner","UT Martin",""
"Matt Murphy","USC Upstate",""
"Jordan Austin","Missouri",""
"Robert Organ","UTSA",""
"Nolan Meredith","UC Davis",""
"Blaine Thomas","New Orleans",""
"Nick Reyes","UTSA",""
"Cy Probst","Maine",""
"Grant Gilooly","Bethune-Cookman",""
"Brock Rose","Xavier",""
"Kaden Krowka","Tarleton State",""
"Willie Cunningham","Clemson",""
"Derek Williams","Missouri",""
"Josh Prinner","Little Rock",""
"Cam Clines","Georgia Tech",""
"Luke Carpenter","Dartmouth",""
"Tahir Muelens","Jackson State",""
"Evan Leibl","Oklahoma","West Texas A&M"
"John Volpe","Rider",""
"Ozan Uyulur","Michigan State",""
"Jakob Jackson","Liberty",""
"Andrew Cisneros","UC Davis",""
"Ryan Folts","Presbyterian",""
"Brian Panneton","Texas State",""
"Tyler Minneci","Ohio",""
"Luke Carrell","Oklahoma",""
"Rob O'Connor","Wake Forest",""
"Matt Haggerty","Elon",""
"Nick Hammer","James Madison",""
"Jesse Wainscott","Eastern Illinois",""
"Scott Herrmann","Wofford",""
"Sebastian Kuhns","New Orleans",""
"John Gray","New Orleans",""
"Brandon Davis","Charlotte",""
"Henry Cone","Baylor",""
"Ian Halverson","California Baptist",""
"Zach Stephenson","Connecticut",""
"Asher Hastings","Little Rock",""
"Christian Bosque","FIU",""
"Chris Hamm","Houston",""
"Jackson Blemler","Texas State",""
"Noah Hill","Old Dominion",""
"Kobe Rolling","Saint Mary's",""
"Michael McKinney","NC State","West Virginia"
"Adam Dapkewicz","Georgetown",""
"Jake Vargas","Cal State Fullerton","Azusa Pacific"
"Zach Meddings","Coastal Carolina",""
"Louka Daoust","West Virginia",""
"Bryce Suters","James Madison",""
"Gavin Baratta","Lamar",""
"Jaylen Hughes","Southern",""
"Gabriel Maya","San Diego",""
"Jackson Gimbel","James Madison",""
"Phillip Boykin","Norfolk State",""
"Garrett Causey","Southern Indiana",""
"Karter Wong","Grand Canyon",""
"Aedan Anderson","Jacksonville State",""
"Timothy Arguello","Wichita State",""
"Bryson Sanchez","Utah Valley",""
"Revan Lazarus","Southern California",""
"Danny Lavoy","FIU",""
"Gabe Perez","FIU",""
"Cooper Newell","James Madison",""
"Nick Hohenstein","Siena",""
"Ryan Ball","Texas Tech","Lubbock Christian"
"Taisei Yahiro","Grand Canyon","Minnesota State-Mankato"
"Tyler Martin","Stephen F. Austin",""
"Owen Wendell-Braly","Southern California",""
"Ryan Ward","Arkansas","San Diego"
"Osvaldo Casanova","FIU",""
"Noah Magee","Ole Miss","Delta State"
"Victor Loa","Texas State",""
"Braden Luke","Ole Miss",""
"Schyler Arroyo","Bethune-Cookman",""
"Isaac Sewell","Virginia Tech",""
"Will Ray","Wake Forest",""
"Cooper Cross","Virginia Tech",""
"Joel Gardner","West Virginia",""
"Reed Schaefer","Arizona",""
"Drew Porter","Cal State Northridge",""
"Jude Putz","Arkansas","Notre Dame"
"Todd Tringale","Dayton",""
"Jaden Delawder","Binghamton",""
"Kerry Wright","Houston",""
"James Little","UNC Asheville",""
"Marco Podboy-Navarro","New Orleans",""
"Gabriel Irwin","Stephen F. Austin",""
"Andrew Arnold","Georgia Southern",""
"Bradley Gagen","Tennessee",""
"Previn Blalock","Georgia Tech",""
"James Caillouiet","Southern",""
"Jackson Jarvis","Belmont",""
"Ulisses Ferraz","Saint Peter's",""
"Paxton Briley","Georgia Southern",""
"Chris Whelton","Belmont",""
"Josh Hand","Virginia Tech",""
"Isaac Upole","West Virginia","Florida Southwestern"
"Robert Morrison","Troy",""
"Paul Vossen","Utah Valley",""
"Will Newell","Lipscomb",""
"Casey Threats","San Francisco",""
"Aidan Smith","Belmont",""
"Brendan Collins","Toledo",""
"Bryce Demory","Virginia Military",""
"Brett Hansen","TCU",""
"Owen Paliament","Binghamton",""
"Chris Brown","Connecticut",""
"Wes Schields","Lamar",""
"Hunter Komine","San Diego","Seattle"
"Landry Jurecka","Kansas State",""
"Carter Oliff","Middle Tennessee",""
"Casey Knuckles","Delaware",""
"Tyler Pflomm","Miami (OH)",""
"Nolan Oshoney","Florida Gulf Coast",""
"Mason Lowe","Oklahoma",""
"Sebastian Silva","Virginia Military",""
"David Lewis","Clemson","North Greenville (SC)"
"Colton Adams","Bryant",""
"Ruben Rivera","San Francisco",""
"Ross Dyer","Bryant",""
"Hudson Sapp","Ole Miss","Georgia Highlands"
"Kyle Klingenbeck","Northern Kentucky",""
"Jordan Armstrong","Auburn",""
"Luke Zimmerman","Saint Joseph's",""
"Blake Morrison","SIU-Edwardsville",""
"Jason Wright","San Diego State",""
"Zeph Singleton","Alcorn State",""
"Dillon Orr","Tennessee",""
"Keith Merriweather","Arkansas-Pine Bluff",""
"Christian Almagno","Maine",""
"Cam Jones","Maryland","Frederick (MD) CC"
"Jesse Herrera","Lamar",""
"Jaylend Clemmons","North Carolina A&T",""
"Danny Llanas","Coppin State",""
"Tate Peterson","Ohio",""
"Bryce Archie","Coastal Carolina",""
"Demajion Howard","Western Carolina",""
"Andres Pasillas","San Diego",""
"Adam Pabst","Davidson",""
"Dylan Bowen","Virginia Military",""
"Davis Burgin","McNeese",""
"Logan Wilson","Dayton",""
"Carson Frye","Georgetown",""
"John Crane","Saint Peter's",""
"JD Gregson","Texas A&M",""
"Ben Watson","Elizabethtown (D3)","Virginia Tech"
"Chris Meyer","Indiana State",""
"Tim Williamson","Harvard",""
"Peter Hamill","Florida",""
"Connor Bertsch","Dartmouth",""
"Eric Rizzo","George Washington",""
"Colten Smith","Duke",""
"Brady Mutz","Monmouth",""
"John McGowan","Connecticut",""
"Jackson Edelman","Stetson",""
"Henry Gargus","Stanford",""
"Kevin Cushing","Cornell",""
"Chandler Freeman","Baylor",""
"Cole Hinkelman","Stanford",""
"Socrates Bardatsos","Rider",""
"David Morand","Xavier",""
"Eric Shandler","UMBC",""
"Luke Barbier","Nicholls",""
"Cooper Donlin","Oakland",""
"Curren Larson","Connecticut",""
"Jonathan Walman","Maryland",""
"Jackson Brown","East Tennessee State",""
"Anthony Weeden","Florida State",""
"Jayson Hoopes","Rutgers",""
"Andrew Brock","Maryland",""
"Will Ross","Tarleton State",""
"Sean Menzel","Milwaukee",""
"Zach Button","Cal Poly",""
"Max Meier","Stanford",""
"Tyler Turner","Monmouth",""
"Matt Dreher","Nebraska",""
"Brendan Alvord","Eastern Michigan",""
"Isaac Berry","Radford",""
"Keaton Carattini","San Francisco",""
"David Wilson","Lamar",""
"Kolby Pascarelli","Connecticut",""
"Tariq Freeny","Grand Canyon",""
"Nathan Fleischli","Stanford",""
"Brenden Evans","Southern",""
"Jack Vogele","Cincinnati",""
"Michael Walsh","Maryland",""
"Kevin Madden","South Carolina","College of Charleston"
"David Case","Oregon State",""
"Alex Walsh","Lafayette",""
"Treyvin Moss","Northern Kentucky",""
"Jack Painter","Cal Poly",""
"Andrew Ciufo*","Georgetown","Clemson"
"Trey Pringle","Gardner-Webb",""
"Mark Kirkland","Winthrop",""
"Calvin Costner","Rhode Island",""
"Kyle Scott","Cal Poly",""
"Eric Marasheshki","Princeton",""
"Zach Selinger","Fordham",""
"Reece Rabin","Princeton",""
"Cedric Rose","UMass-Lowell",""
"Gerard Peacock","Notre Dame",""
"Dylan Siesky","Lafayette",""
"Kei Yamagishi","Queens (NC)",""
"Valentino Salgado","Rhode Island",""
"Landon Cody","Tarleton State",""
"Alex Schrier","UC Santa Barbara","San Diego"
"Ben Kovel","Fordham",""
"Brenden Harris","Marshall",""
"Owen Fuller","Baylor",""
"Rory Lynch","College of Charleston",""
"Jorge Ramirez","Rhode Island",""
"Alex Sachais","Rhode Island",""
"Corey Miley","Coppin State",""
"Kurtis Thomas","Central Connecticut State",""
"Gabriel Dermott","Delaware",""
"Mikey Pauley","Nebraska",""
"Vaughn Mauterer","California","San Diego"
"Max Beck-Berendsen","Georgia",""
"Mason Brandenberger","UTSA",""
"Tywone Malone","Ole Miss","Ohio State"
"Adam Henry","North Carolina A&T",""
"Jack Eichler","Saint Peter's","Central Michigan"
"Logan Leax","George Washington",""
"Cam Moore","Niagara",""
"Kevin Connolly","Stonehill",""
"Charlie Chropuvka","Delaware",""
"Brandon Lawrence","Michigan",""
"Logan Bravo","Harvard",""
"Nick Markantonatos","Saint Peter's",""
"Sam Haney","Saint Peter's",""
"Drew McIllwain","Austin Peay",""
"Parker Redden","Delaware",""
"Steven Azzaro","Oklahoma State",""
"Christian Coombes","Saint Peter's",""
"Marcellus Pearson","UC Riverside",""
"Assaf Lowengart","William & Mary",""
"Dane Miller","Columbia",""
"Jackson Coen","Georgetown",""
"Timothy Williams","Gardner-Webb",""
"Harrison Law","Vanderbilt",""
"Brady Posch","Tarleton State",""
"Carson Shipman","Gardner-Webb",""
"Ryan Coleman","UMass",""
"Daniel Strohm","Ball State",""
"Jalen Smith","Memphis",""
"Nathan Selmont","Kent State",""
"Joe Williams","UAB",""
"Ted Burton","Michigan","Texas A&M"
"Grant Stevens","Pacific","Oklahoma"
"Jake Clark","Akron",""
"Max Gustafson","Bryant",""
"Michael Cardone","Saint Peter's",""
"Tyson Fourkiller","Arkansas",""
"Greg Marmo","Gonzaga",""
"Sam Delcollo","Saint Peter's",""
"Patrick Reilly","Central Connecticut State",""
"Eliot Dix","Longwood",""
"Kyle Caringi","St. Bonaventure",""
"Tyler Stout","Pacific",""
"Jonathan Velazquez","Stetson",""
"Quentin Markle","Butler",""
"Lashawndrick Scott","Knoxville",""
"Steven Luttazi","UMass",""
"Turner Swistak","Tennessee","Louisiana Tech"
"Kevin Williams","Delaware",""
"Albert Alvarez","UC San Diego",""
"Josh Feldman","Villanova",""
"Logan Berrier","Longwood",""
"Ben Rosengard","Rice",""
"Joe Soberton","UC San Diego",""
"Toran Smith","Coppin State",""
"Samuel Clark","Connecticut",""
"Will Droll","Pittsburgh",""
"Gavin Weinstock","Gardner-Webb",""
"Conner Doucet","Louisiana",""
"Sean Lynch","Eastern Illinois",""
"Kam Ojeda","Coastal Carolina",""
"Josh Trout","Eastern Illinois",""
"Gauge Lockhart","Brown",""
"Michael Tolson","Longwood",""
"Vincent Bianchi","St. John's",""
"Joe Hurth","Indiana State",""
"John Schubert","Saint Peter's",""
"Toby Haarer","Kansas",""
"Kaden Peifer","Delaware",""
"Jackson McPherson","Gardner-Webb",""
"Ben Lee","Milwaukee",""
"Tommy Ray","Louisiana",""
"Frank Wayman","UMass-Lowell",""
"Collin Bosley-Smith","Duke",""
"Davis Green","Georgia Tech",""
"Carson Carey","Northwestern State",""
"Dylan Wilkinson","Longwood",""
"Richard Maxwell","Georgia Southern",""
"Thomas Ditullio","Bryant",""
"Carson Mynatt","Georgia Southern",""
"Matthew Phillips","USC Upstate",""
"Dylan Hoy","Marist","Louisville"
"Sam Polk","Saint Louis",""
"Breven Yarbro","Charlotte",""
"Pierce Herndershot","St. Bonaventure",""
"Brett Alvis","Mount St. Mary's",""
"Erick Delgado","Gardner-Webb",""
"Nathan Manning","California",""
"Christian Peluso","Wagner",""
"Chandler Benson","Nebraska",""
"Jayme Villafane","South Alabama",""
"Matthias Haas","Cal Poly",""
"Nick Carparelli","Manhattan",""
"Lucas Manning","Holy Cross","Wofford"
"Mason Smith","South Alabama",""
"Austin Tolley","Ole Miss",""
"Victor Castillo","Liberty",""
"Timothy Ruffino","Coppin State",""
"Rashad Ruff","Coppin State",""
"Will Havens","Elon",""
"Logan Baker","St. John's",""
"John Hood","Connecticut",""
"Kylan Stepter","South Alabama",""
"Josh Milleville","Fairleigh Dickinson",""
"Evan Dobias","Virginia",""
"Dylan Edmands","Liberty",""
"Nick Terrell","SIU-Edwardsville",""
"Joe Biancone","Bryant",""
"Carter Rost","Wichita State",""
"John Ormsby","Virginia",""
"Andrew Romero","Sam Houston",""
"Rohan Shah","The Citadel",""
"Zach Griffin","San Francisco",""
"Will Hearn","San Francisco",""
"Gage Gillott","USC Upstate",""
"Tanner Kim","Kentucky",""
"Drew Baughman","Liberty",""
"Jake Saum","UCLA","Tulane"
"Augusto Schroeder","Arkansas State",""
"Ethan Jenkins","Florida A&M",""
"Devin Tonkins","Alabama A&M",""
"Jackson Kirkpatrick","Western Carolina",""
"Josh Hahn","UCLA","Notre Dame"
"Connor Harris","George Washington",""
"Willam Breen","St. Bonaventure",""
"Kai Burdick","San Francisco",""
"Carter Sabol","Ohio",""
"Edgar Rodriguez","Miami (OH)",""
"Peyton Fisher","High Point",""
"Zach Walker","Saint Peter's",""
"Nathan Klodowski","St. Bonaventure",""
"Andrew Wertz","Stonehill",""
"Nick Kolze","Xavier",""
"Phoenix Bowman","Iona",""
"Charles Neese","High Point",""
"Logan Lawrence","Stonehill",""
"Calvin Scapira","Purdue",""
"Cameron Thompson","Purdue",""
"Matt Vivona","Stonehill",""
"Cooper Weiss","Miami (OH)","Auburn"
"Will Findlay","Fordham",""
"Nadir Lewis*","Princeton",""
"Max Williams","Alabama","Florida State"
"Porter Braddy","Maryland Eastern Shore",""
"Will Fauci","St. John's",""
"Nolan Funke","New Mexico State",""
"Aaron Barokas","Butler",""
"Dominic Milano","Butler",""
"Jeffrey Davis","New Mexico",""
"Justin Olson","New Mexico",""
"Kevin Michaels","St. John's",""
"David Glancy","St. John's",""
"Matt Lemke","Kansas State",""
"Jack Ballestero","St. John's",""
"Austin Roccaforte","Houston Christian",""
"Dallen Leach","North Florida",""
"Andrew Jenner","Liberty",""
"Austin Brinling","North Florida","South Carolina"
"Harrison Johnson","Ohio",""
"Luke Russo","Eastern Michigan","North Carolina"
"Lukas Galdoni","Butler",""
"Scott Jones","Butler","Lamar"
"Parker Walsh","Lafayette",""
"Mitchel Hemmen","Ohio",""
"Tristan McAlister","Mount St. Mary's",""
"Ryan Martinez","San Francisco",""
"Foster Seitz","Radford",""
"Andrew Dongelewic","Stony Brook",""
"Ryan Partridge","Penn State",""
"Marcus Cline","Milwaukee","Tulane"
"Zane Badmaev*","Tarleton State","Texas A&M"
"Colby Feris","Tarleton State",""
"Luke McCollough","Utah Valley",""
"Noah Mattera","UNLV",""
"Braden Murphy","UNLV",""
"Cole Singsank","High Point",""
"Fermin Osio-Gonzalez","UNC Asheville",""
"Derek Huff","Mount St. Mary's",""
"Ryan Flaherty","Stonehill",""
"Tyrell Brewer","Charleston Southern",""
"Peyton Back","Bellarmine",""
"Hunter Antillon","New Mexico State",""
"Chris Masciel","California Baptist",""
"Brandon Lundquist","Nebraska",""
"Michael Dorcean","Coppin State",""
"Drake Flowers","Florida State",""
"Michael Buckely","Mississippi Valley State",""
"Kyle Van Liere","Butler",""
"Ryan Brown","Mississippi Valley State",""
"Andrew Duran","New Orleans",""
"Bailey Seeger","New Mexico",""
"Blake Sutton","High Point",""
"Dreylin Holmes","Mississippi Valley State",""
"Logan Rooney","UMass",""
"John Piacentino","Penn State",""
"Collin Nolden","Mississippi Valley State",""
"Josh Spiegel","Penn State",""
"Parker Lester","Miami (OH)",""
"Davione Hull","Mississippi Valley State",""
"Davon Mims","Mississippi Valley State",""
"Jonathan Henry","North Carolina A&T",""
"Michael Doerr","Lindenwood",""
"Griffin King","SIU-Edwardsville",""
"Ethan Papacek","Sacred Heart",""
"Will Ripoll","Houston Christian",""
"Eric Lindley","Stonehill",""
"Matt Haley","Lindenwood",""
"Nick Gales","Nicholls State",""
"Josh Cowden","BYU",""
"Joey White","Birmingham Southern","Georgia Southern"
"Robert Dudzinski","George Mason",""
"George Gray","Butler",""
"Logan Harris","Maryland Eastern Shore",""
"Blake Hale","Murray State",""
"Josh O'Neill","Stony Brook",""
"Kam Byrd","Mississippi Valley State",""
"Juan Rosa-Gonzalez","Mississippi Valley State",""
"Ty Washington","Mississippi Valley State",""
"Brady Drawbaugh","Mount St. Mary's",""
"Tyler Martinez","San Francisco",""
"Nate Rhylick","Mississippi Valley State",""
"Carter Dobrinski","Tarleton State",""
"Chris King","Mississippi Valley State",""
"Shane Paradine","Stony Brook",""
"Tommy Chmielewski","Princeton",""
"Colin Davis","Butler",""
"Cal McClendon","Mississippi Valley State",""
"Nelson Yeatts","UNC Asheville",""
"Ryan Lux","Eastern Michigan",""
"Narvin Booker","Mississippi Valley State",""
"Harris Williams","San Francisco",""
"Tyson Cooper","Penn State",""
"Stephen Hrustich*","Northwestern","Michigan"
"Coby Moe","Northwestern",""
"Ryan Gleason","Charleston Southern",""
"Tim Ewald","Houston Christian",""
"Peyton Miller","Pacific",""
"Franco Alonso","Cornell",""
"Seth Alexander","Mississippi Valley State",""
"Justin Tiger","Nevada",""
"Karl Ralamb","Coastal Carolina",""
"William Newby","Toledo",""
"Charles Hood","Nebraska",""
"Sam Burman","Hofstra",""
"Clay Holzworth","Butler",""
"Jonah Milchuck","Georgia Southern",""
"Ryan O'Halloran","Butler",""
"Jake Cooper","Penn State",""
"Nolan Tucker","Valparaiso",""
"Ben Winstead","Monmouth",""
"Nick Dipietrantonio","Princeton",""
"Mario Demera","San Francisco",""
"Dalton Aspholm","SE Louisiana",""
"Kaleb Woltz","San Francisco",""
"Will Asby","San Francisco",""
"George Stallings","Mississippi Valley State",""
"Albert Moore","Mississippi Valley State",""
"Chris Soeder","Mississippi Valley State",""
"Jaime Ramirez","Texas A&M Corpus Christi",""
"Jeremy Klick","St. Thomas",""
"Peter Hoffman","Fordham",""
"Ryan Mintz","Valparaiso",""
"Tony Dimola","Georgia Southern",""
"Kelly Austin*","UCLA","Florida"
"Anthony Roszko","Old Dominion",""
"Will Burgess","High Point",""
"Jake Rosenkranz","Valparaiso",""
"Azalius Lewis","Mississippi Valley State",""
"Braden Powell","George Mason",""
"Ivan Sierra-Batista","North Carolina A&T",""
"Alex McCoy","Maryland Eastern Shore",""
"Jonah Smith","UAB",""
"Gabe Williams","Maryland Eastern Shore",""
"Chris Dengler","Old Dominion",""
"Brian Hardaway","Mississippi Valley State",""
"Cooper Lanz","Pacific",""
"Karter Hann","Fort Wayne",""
"Derek Smith","Bryant",""
"Zach Holcomb","Illinois State",""
"Ryan Keenan","Northwestern",""
"Tyler Woltman","Illinois State",""
"Alex Lodise","North Florida","Florida State"
"Jonathan Gauthier","Illinois State",""
"Cooper McClure","Southern Illinois",""
"Dylan Winebrenner","George Mason",""
"Wehiwa Aloy*","Sacramento State","Arkansas"
"Ty Wilmsmeyer","Missouri",""
"Bradley Mullan","Gonzaga",""
"Dennis Folan","Stonehill",""
"Bryce Matthews","Washington State","Nevada"
"DJ Burke","Texas",""
"Michael Cauble","South Alabama",""
"Preston Godfrey","New Mexico State",""
"Kyndell Dolphin","Mississippi Valley State",""
"Jack Moffitt","Gonzaga",""
"Caden Kaiser","Ohio State",""
"Thomas Mayer","William & Mary",""
"Matt Boyer","Wichita State",""
"Austin Wallace","Wichita State",""
"Kyle Locklear","William & Mary",""
"Duke Coborn","St. Thomas",""
"Crew Robinson","UC San Diego",""
"Luke Glascoe","UC San Diego",""
"Isaiah Hart","Fort Wayne",""
"Robert Sotolongo","FIU",""
"Artin Biageyian","St. Bonaventure",""
"Max Farfan","Illinois-Chicago",""
"Michael Moss","Seton Hall",""
"Chris Shine","Seton Hall",""
"Will Gale","Seton Hall",""
"Will MacLean","UMass",""
"Tanner Olmstead","Omaha",""
"Dylan James","Akron",""
"Ryan Karst","Illinois-Chicago",""
"Joe Mershon","College of Charleston",""
"Alex McKay","Mercer",""
"Avery Stephens","Mercer",""
"McGwire Tuffy","Quinnipiac",""
"Cam Jones*","Georgia State","Georgia Tech"
"Derrick Mayes","Maryland Eastern Shore",""
"Kyle Cincinnati","Maryland Eastern Shore",""
"David Petersen","Seattle",""
"Riley Parker","UCF",""
"Ryan Taylor","UCF",""
"Greg Pettay","UCF",""
"Hagen Escoto","Seattle",""
"Kai Reum","Omaha",""
"Jack Basseer","Pepperdine",""
"Luke Cantwell*","Fairleigh Dickinson","Pittsburgh"
"Reese Malon","William & Mary",""
"Jack Gannon","Saint Peter's",""
"Ryan Seymour","Saint Peter's",""
"Robert Nunez","Saint Peter's",""
"David Bernard","Saint Peter's",""
"Michael Pollard","Saint Peter's",""
"Gage Williams","Wichita State",""
"Evan Marcinko","UNC Wilmington",""
"Alex Galvan","Louisville",""
"John Levine","Navy",""
"Jace Miner","Wichita State","Oklahoma"
"Ben Weigman","Louisville",""
"Jordan Rogers","Wichita State",""
"Nathan Snead","Wichita State",""
"Caleb Ellard","Mercer",""
"Parker Dillhoff","Wichita State",""
"Jacob Bimbi","Tennessee","Western Kentucky"
"Deyon Cannon","East Tennessee State",""
"Charlie Rogan","Wichita State","George Washington"
"Landon Smiddy","East Tennessee State",""
"Seth Stroh","Wichita State",""
"Chuck Ingram","Wichita State","Kansas State"
"Kain Collins","East Tennessee State",""
"Trevor Hanselman","East Tennessee State",""
"Cooper Harris","Wichita State",""
"Ethan Plyler","East Tennessee State",""
"Nick Argento","North Carolina",""
"Peyton Henry","Radford",""
"Will Underwood","Coastal Carolina",""
"Justin Szestowicki","North Carolina",""
"Joe Jaconski","North Carolina",""
"Drew Faurot*","UCF","Florida State"
"Brock Rodden*","Wichita State",""
"Tyler Wilsmeyer*","Missouri","Arkansas"
"Conrad Valdez","Purdue",""
"Brantley Cutler","Maryland Eastern Shore",""
"Caden Edwards","North Dakota State",""
"Ryan Rumsey","Xavier",""
"Jaren Warwick","Texas A&M",""
"Wyatt Tucker","Texas A&M","Sam Houston"
"Benjamin Loyd","Western Kentucky",""
"Jack Hyde","San Diego",""
"Danny Melnick","Rutgers",""
"Nathaniel Anderson","Gardner-Webb",""
"Chris McKenna","Gardner-Webb",""
"Anthony Solomon","Gardner-Webb",""
"Braeden O'Shaughnessy","Youngstown State",""
"Gunnet Carlson","Florida State",""
"Kameron Walker","Norfolk State",""
"Cordel Coburn","Southern Indiana",""
"Santiago Ordonez","Florida State",""
"Cal McGinnis","Bradley",""
"Connor Moore","Florida State",""
"Noah Carter","Elon",""
"Derek Seignuer","Norfolk State",""
"Blake Herrmann","Evansville","Oakland City (IN)"
"Jacob Norris","Bradley",""
"Cade Bush","Florida State",""
"Matthew Deutsch","Binghamton",""
"Landon Roque","Lamar",""
"Dominic Oliverio","Indiana State",""
"Dominic Joseph","Norfolk State",""
"Alex Wilzbach","Southern Indiana",""
"Benjamin Santiago","Virginia Commonwealth",""
"Brandon Guerra","Norfolk State",""
"Avery Cook","Purdue",""
"Sam Bello","Rutgers",""
"Carson Husmann","Bradley",""
"Casen Neumann","Baylor",""
"Hank Himrich","Bradley",""
"Alexander Rodgers","Stephen F. Austin",""
"Peter Johnson","Bradley",""
"Cayden Shaver","Murray State",""
"Walker Polk","Baylor",""
"Everett Vaughan","High Point",""
"Judson Ard","Georgia Southern",""
"Tucker Christensen","Sam Houston",""
"Jack Haley","Central Arkansas",""
"Tyler Roche","St. John's",""
"Bode Grieve","Baylor",""
"Trenton Pallas","High Point",""
"Jermaine White","St. John's",""
"Huch Wathan","Charlotte",""
"Avery Williams","Central Arkansas",""
"David Bamberg","Louisville",""
"Cameron Caley","Baylor",""
"Daniel Helfgott","Charlotte",""
"Jackson Kraemer","Wake Forest",""
"Chandler Stocking","Alabama A&M",""
"Payton Bloom","George Washington",""
"Pierce Leavengood","Southeastern Louisiana",""
"Jaylen Merchant","Kennesaw State",""
"Joseph Durso","St. John's",""
"Landon Underhill","Mercer",""
"Jonathan Bautista","Pittsburgh",""
"Lance Lauve","Southeastern Louisiana",""
"Carson Bell","James Madison",""
"John Alkire","Charleston Southern",""
"Aidan McDonald","James Madison",""
"William Jacobsen","Harvard",""
"Jason Shockley","Rutgers",""
"Nathan Fink","Ole Miss","Florida Southwestern"
"Josh Cone","South Florida",""
"Caden Dulin","Bryant",""
"Ashton Wilson","Charleston Southern",""
"Tyler Dietz","South Florida",""
"Kyle Scrape","Old Dominion",""
"Treyson Hughes*","Mercer","Ole Miss"
"Steven Shaffer","Norfolk State",""
"Chris Hund","Long Island",""
"Evimael Quiles","Alabama State",""
"Beau Coffman","Western Kentucky","USC Upstate"
"Sam Reed","Eastern Michigan","Illinois"
"Josh Salinas","UTSA",""
"Parker McCauley","Tennessee Tech","Evansville"
"Brayden Johnson","Western Kentucky",""
"Isaac Webb","Arkansas",""
"Darren Hagan","Coppin State",""
"Gavin Jones","Alabama",""
"John Malcom","Michigan State",""
"Tucker Lemay","Long Island",""
"Hayden Lewis","Arizona",""
"Tyler Burke","William & Mary",""
"Turner Grau","Youngstown State",""
"Robert Barfield","Florida State",""
"Vincent Yaghoubi","William & Mary",""
"Trevor Schmidt","Arizona",""
"Cameron Gill","Wofford",""
"Daniel Tauken","Albany",""
"Keith Gardener","Coppin State",""
"Benjamin Schulte","Wofford",""
"Matthew Travisano","Pittsburgh",""
"Luke Moeller","Arizona",""
"Trey Oblas","Utah",""
"Jake Beaver","Georgia State",""
"Sebastien Sarabia","Coppin State",""
"Theodore Ruffner","UNC Wilmington",""
"Bryan Loriga","FIU",""
"Logan O'Donnell","Central Florida",""
"Jordan Taylor","Florida State",""
"Timothy Wise Jr.","Georgia State",""
"Henry Weycker","Virginia Tech",""
"Oliver Santos","Duke","Texas"
"Christopher Sparber","Virginia Tech",""
"Graham Yntema","Mississippi State",""
"Collin Valentine","Texas","Pepperdine"
"Matthew Rowe","Rutgers",""
"Ryan Slattery","Pittsburgh",""
"Cesar Franco","FIU",""
"Matthew Schepel","Western Carolina",""
"Brendan Parks","Kennesaw State",""
"Thomas Wright","Virginia Military",""
"Noel-Rene Perez-Munoz","FIU",""
"William Forsythe","Mississippi State",""
"Andre Good","Youngstown State",""
"Tyler Kaltreider","Virginia Military",""
"Merritt Beeker","East Carolina",""
"Michael Higgins","Kennesaw State",""
"Jake Johnson","Ohio State","Northern Kentucky"
"Benjamin Jones","Dayton",""
"Tanner Jones*","Jacksonville State","Texas A&M"
"Daniel Shala","Siena",""
"Bryce Hubbard","Mississippi State",""
"Clay Wiesen","Youngstown State",""
"Robert Moynihan  V","Siena",""
"Jeffery Ince","Louisiana Tech",""
"Marcus O'Malley","FIU",""
"Daniel Quintana","James Madison",""
"Nathaniel Thomas","USC Upstate",""
"Nicholas Ungania","Binghamton",""
"Kennedy Jones*","UNC Greensboro","South Carolina"
"Andrew Jones","Ohio State",""
"Anthony Giannette","Louisiana Tech",""
"Breck Nowik","Illinois-Chicago",""
"Kevin Haynes","Sacramento State",""
"Ty Kennedy","Washington State","Central Arizona"
"Brady Disbro","Ole Miss",""
"Mateo Cepullio","Akron",""
"Kyle Taylor","Valparaiso",""
"Tylor Jans","UL Monroe",""
"Anthony Causey*","Jacksonville State","Tennessee"
"Colt Taylor","Tennessee Tech",""
"Treven Crowley","Cal State Bakersfield",""
"Will Plattner","Ole Miss",""
"Matthew Maloney","Dayton",""
"Matthew Olive","Valparaiso",""
"Zachary Capps","Norfolk State",""
"Logan Dobberstein","Kansas State",""
"Lander Suarez Martinez","Lamar",""
"Kameron Walton","New Mexico",""
"Easton Romero","BYU",""
"Nathaniel Espelin","Dayton",""
"Carson Starnes","North Carolina",""
"Will Mercer","Notre Dame","Texas"
"Davion Hickson","Florida State",""
"Carlos Guzman","Missouri State",""
"Seth Sweet Chick","Nevada",""
"Samuel Contacos","Western Illinois",""
"John Maldonado Jr","Texas A&M Corpus Christi",""
"Joshua Despairiers","High Point",""
"Caleb Nix","Lipscomb",""
"Michael Sarhatt","Nevada",""
"Jared Villalobos","California Baptis",""
"Joey Kramer","Cal State Northridge","Washington State"
"Charles May","Texas A&M Corpus Christi",""
"Nolan McCracken","UC San Diego",""
"Nash Villegas","Texas A&M Corpus Christi",""
"Colin Purcell","Texas A&M Corpus Christi","Ohio State"
"William Jula","Austin Peay",""
"Cole Beddingfield","Texas A&M Corpus Christi",""
"Joseph Randazzo","California Baptist",""
"Wallace Jones III","Texas A&M Corpus Christi",""
"Dalton Leblanc","Texas A&M Corpus Christi",""
"Ethan Mckay","UNC Greensboro",""
"Zane Spinn","Sam Houston",""
"Danniel Blanchard","Texas A&M Corpus Christi",""
"Andrew Ripepi","Pittsburgh",""
"Antonio Escano","Lamar",""
"Marco Cutierrez","Texas A&M Corpus Christi",""
"William Strange","Lipscomb",""
"Jordan Medellin","Baylor",""
"Hudson Leach","Miami (OH)",""
"Chase Gerbrick","Lipscomb","Queens"
"Tanner Beang","Binghamton",""
"Garret Brooks","UTSA",""
"Steven Andrews","Kansas",""
"Cade Carlson","East Tennessee State",""
"Justin Williams","Louisiana Tech",""
"Jason Bollman","LSU",""
"Jason Rican","Oregon",""
"Maximus McCrary","Norfolk State",""
"Benjamin Clemente V","FIU",""
"Josh Sharman","UNLV",""
"Brandon Laux","Eastern Kentucky",""
"Hayden Duke","UMass Lowell",""
"Jacob Skaggs","Abilene Christian",""
"Jack Butler","Alcorn State",""
"Dylan Dennis","Loyola Marymount",""
"Daniel Farrow","Houston Christian",""
"Jamaal Green","Alcorn State",""
"Taye Robinson","College of Charleston","Towson"
"Ryan Dominguez","Cal State Northridge",""
"Reed Chumley","Houston Christian","West Virginia"
"Oliver Barkal","Niagara",""
"Stone Hewlett","Kansas","Arkansas"
"Anthony Nessler","Pittsburgh",""
"Gage Wolfe","Western Illinois",""
"Connor Fremin","Houston Christian",""
"Noah Beal","UNLV","Fresno State"
"Samuel Brady","Kansas",""
"Austin Delgado","Alcorn State",""
"Charles Harrison","UCLA",""
"Joesph Cinnella","Seton Hall",""
"Parker Grant","Kansas",""
"Shane Sax","Fairleigh Dickinson",""
"Jackson Cobb","Kansas",""
"Logan Mote","Iona",""
"Gavyn Boyle","Virginia Commonwealth",""
"Maury Weaver","Mississippi Valley State",""
"Bryson Hoier","Loyola Marymount",""
"Thomas Ross","Georgia Southern",""
"Kai Wagner","Utah",""
"Brian Uribe","UNLV",""
"Kevin Krill","Oakland",""
"Dawson Taylor","Butler",""
"Victor Figueroa","Mississippi Valley State",""
"Garret Brunstetter","Western Kentucky",""
"Ethan Schimony","Akron",""
"Addison Clymer","Niagara",""
"Benjamin Jacobs","UCLA","Arizona State"
"Cory Bosecker","Butler","Western Kentucky"
"Alfredo Delgado","Manhattan",""
"Garret Moffett","NC State",""
"Nicholas Carparelli III","Manhattan",""
"Jesse Robinson Jr","Virginia Commonwealth",""
"Matthew Wilkins","Kennesaw State",""
"Gianni Horvot","UNLV",""
"Alexander Buchanan","Southern Illinois",""
"William Lunceford","San Diego",""
"Kevin Seitter","Quinnipiac",""
"Garret French","Rutgers",""
"Mikiah Negrete","San Diego",""
"Thomas Latham","Mount St. Mary's",""
"Trevor Sheehan","East Tennessee State",""
"Marcus Dux","College of Charleston",""
"Miles Curley","East Carolina",""
"O'Kelley McWilliams IV","Wofford",""
"Bryce Konitzer","Oakland",""
"Blake Whiting","Utah",""
"Jake Haze","Northwestern State",""
"Nathan Weeldreyer","Gonzaga",""
"Dawson Place","Florida Gulf Coast",""
"Michael Kilker","West Virginia",""
"Logan Johnstone","Gonzaga",""
"Evan Maloney","Wake Forest",""
"Samuel Canton","Gonzaga",""
"Kyran Hoskinson","Cal State Bakersfield",""
"Ty Johnsen","Gonzaga",""
"Mauricio Millan","Wichita State",""
"Jackson Sorenson","Gonzaga",""
"Ty Batusich","Western Kentucky",""
"Thomas Egan","Houston",""
"Cade McGee","Gonzaga",""
"Zachary Bailey","Hofstra",""
"James Porter","San Francisco",""
"Jaylin Rae","Charleston Southern",""
"Maximus Martin","Rutgers",""
"Nicolas Regino","Charleston Southern",""
"Isaac George","Charleston Southern",""
"James Jett","Charleston Southern",""
"Samuel Burman","Hofstra",""
"Sergio Decello","Charleston Southern",""
"Brennan Morgan","Central Michigan",""
"Ozzie Pratt","BYU","Southern Miss"
"Grant Schoen","Pepperdine",""
"Shane Telfer","Pepperdine","Arizona"
"Shane Taylor","Utah Tech",""
"Ty Crittenberger","Western Kentucky","Kentucky"
"John Basseer","Pepperdine",""
"Crew Parke","Abilene Christian",""
"Connor Kurki","Coastal Carolina",""
"Jagger Duquette","Wagner",""
"Isaac Williams","UNC Asheville",""
"Ryun Cross","Long Island",""
"Sam Dilella","Elon",""
"Carter Lavalley","Florida Gulf Coast",""
"Jacob Gish","Utah",""
"Matthew Albritton","Jacksonville State",""
"Kyle Potthoff","Missouri",""
"Jackson Clement","Utah",""
"Evan Knipe","Long Beach State",""
"Colbey Klepper","Presbyterian",""
"Matthew Parenteau","Ole Miss",""
"Daniel Wilkerson","Louisiana",""
"Noah Smith","Louisville",""
"Tyeler Hawkins","Louisville",""
"Cameron Burgess","East Carolina",""
"Aidan Mcallister","Hofstra",""
"Murphy Brooks","TCU",""
"Johnny Long","Pittsburgh",""
"Jameson Richmond","Louisville",""
"Hectorgiovanny Mangual-Duran","Missouri",""
"Christian Holmes","Kansas State",""
"Luke Dickerson","Arkansas at Little Rock",""
"Mason Maners*","Jacksonville State","Auburn"
"Mason Utech","Utah",""
"Dawson Coe","Kennesaw State","Chipola (FL)"
"Clark Candiotti","Wichita State","Arizona"
"Tyler Avery","UNLV",""
"Adam Fischer","William & Mary",""
"Cameron Barto","Pittsburgh",""
"Garret Gainey","Liberty","South Carolina"
"Bryker Hurdsman","Utah Tech",""
"Richard Pospisil","Western Illinois",""
"Nelson Smith","Arkansas at Little Rock",""
"Nicholas Karls","Morehead State",""
"Nicholas Czarnecki","Monmouth",""
"Dallan Quigley","North Dakota State",""
"Kolby Soloman","Gonzaga",""
"Peter Michael","San Diego",""
"Owen Petrich","Delaware",""
"Mitchell Namie","New Mexico State",""
"Bryan Martinez","Long Beach State",""
"Jackson Frankovich","San Diego",""
"Hogan Garner","Clemson","College of Charleston"
"Gunner Antillion","New Mexico State",""
"Romeo Ballesteros","New Mexico State",""
"Christopher Esquivel","San Diego",""
"Samuel Garewal","Northwestern",""
"Malachi Lott","Houston",""
"Valentin Flores Jr","New Mexico",""
"Ahmad Sarajli","Michigan",""
"Maxwell Diaz","New Orleans",""
"Wyatt Nelson","North Dakota State",""
"Brandon Vlcko","South Dakota State",""
"Joseph Savino","Elon",""
"Jacob Bunz","Nebraska",""
"Zack Oswald","Pittsburgh",""
"Andrew Townsend","Missouri State",""
"Cameron Bye","Wichita State",""
"Hayden Mileski","Tulane",""
"Nicholas Jessen","Albany",""
"Avery Goldensoph","Michigan",""
"Matthew Maloney","New Mexico State",""
"Robert Pitts","Michigan",""
"James Fafinski","Northwestern",""
"Grant Adler","Wichita State","Kansas"
"Keegan Rich","New Orleans",""
"Dylan Gardner","Arizona State",""
"Jeffery Heard","Sacramento State",""
"Cody Hultink","Michigan",""
"Jack Little","Wichita State","Baylor"
"Jaylon Nauden","Butler",""
"Luke Lambert","Pittsburgh",""
"Daniel Padysak","Charleston Southern",""
"Dmtrice Booth","Eastern Kentucky",""
"Nathen Voss","Michigan",""
"Thomas Vaught","Arkansas at Little Rock",""
"Samuel Falace","Pittsburgh",""
"Jack Bowery","Marist",""
"Lukas Frers","Arkansas at Little Rock",""
"Gabriel Villaflor","Portland",""
"Brady Maylett","Utah",""
"Tyler Buschke","New Orleans",""
"Reid Fagerstrom","Jacksonville State",""
"Braden Webb","Memphis",""
"Adam Byrd","Abilene Christian",""
"Sterling Riggs","Abilene Christian",""
"Grant Umberger","Virginia Tech",""
"Carlos Martinez","Pittsburgh",""
"Jacob Marlowe","UCF","Florida State"
"Ross Lovich","Missouri",""
"Maccallan Conklin","Illinois State",""
"Nicholas Constantino","Saint Peter's",""
"Kyte Mcdonald","Wichita State",""
"Jack Livingstone","Texas Tech",""
"Brant Hogue","Oklahoma State","Iowa"
"Alex Neff","Dayton",""
"Barrett Rose","Stephen F. Austin",""
"Davis Benton","New Orleans",""
"Camden Gasser","Michigan",""
"Logan Gallina","New Mexico State",""
"Sullivan Stringer","Louisiana Tech",""
"Ethan Firestone","Southern California",""
"Mickyren Bentley","Arkansas-Pine Bluff",""
"Jakob Beaumont-Runnels","North Florida",""
"Sean Wiese","Hawaii",""
"Wesley Buck","UNC Greensboro",""
"Andrew Collins","Oakland",""
"Aronde Bell","Eastern Kentucky",""
"Blake Mcdonald","Saint Mary's",""
"Logan Smothers","Eastern Kentucky",""
"James Callahan","UC Santa Barbara","Kansas"
"Matthew Corlew","Eastern Kentucky",""
"Peter Jelenic","Oakland",""
"Scott Mcdonough","Arkansas at Little Rock",""
"Cody Carwile","Georgia Tech",""
"Daniel Neri","Notre Dame",""
"Cole Munhall","Tulane",""
"John Peloquin","McNeese",""
"Andrew Guidara","Pacific",""
"Brant Baughcum","Georgia Tech","Gulf Coast (Fla.)"
"Dylan Delvecchio","Tarleton State",""
"Luke Dziados","Villanova",""
"Alex Diaz","Prairie View A&M",""
"Jack Wagner*","Tarleton State","Arkansas"
"Matt Tesoriero","Quinnipiac",""
"Holland Townes","Southern Miss",""
"Hunter Day","Tarleton State","Missouri State"
"Jake Mattaidess","Oakland",""
"Caden Duke","Pacific",""
"Carter Degondea","Missouri State",""
"Landon WIllbrand","Lindenwood",""
"Daniel Barrera","Pacific",""
"Carlos Pena","Missouri",""
"Miles Halligan","Missouri State",""
"Tatsunori Negishi","Middle Tennessee",""
"Jake Rons","Long Beach State",""
"Lane Pearson","Georgia Southern",""
"Camron Mercurio","Cal State Northridge",""
"Ali Camarillo","Cal State Northridge","Texas A&M"
"Travis Densmore","Oakland",""
"Eli Watson","Western Kentucky",""
"Christopher Hund","Long Island",""
"Jonathan Peterson","Monmouth",""
"Curtis Hughes III","Mercer",""
"Joshua Cone","South Florida",""
"Maddox Brooks","James Madison",""
"Landon Underhill","Mercer",""
"Michael Ciminiello","Seton Hall",""
"Ryan Williams","Mississippi State",""
"Christopher McKenna","Gardner-Webb",""
"Fabian Amaro","UAB",""
"David Herring","Wichita State",""
"Brandon Burckel","Houston",""
"Zach Storbakken","Hawaii",""
"Javyn Pimental","Missouri",""
"Rocco Peppi","Long Beach State","Fresno State"
"Andrew Walters","UCLA",""
"Nicholas Plue","Manhattan",""
"Thomas Gormley","Maine",""
"Bryce Fisher","Jacksonville",""
"Logan Antigiovanniwenzel","Central Connecticut State",""
"Tyler Valdez","Arizona State",""
"Ethan Long","Arizona State",""
"Harris Smajic","Portland",""
"Dominic Giustino","Portland",""
"Bryson Hudgens","McNeese","Oklahoma State"
"Charles Jones","Air Force",""
"Noah Zertuche","William & Mary",""
"Nelson Rivera","South Florida",""
"Chaz Myers","Pacific",""
"Brett Blomquist","Western Kentucky","North Greenville"
"Wilson Kafka","Morehead State",""
"Robert Oneal","Old Dominion",""
"Joey Dechiaro","Old Dominion","Rutgers"
"Robert Hogan","Texas A&M",""
"Karl Brooks Jr.","Maryland Eastern Shore",""
"Jack Firestone","Akron",""
"Quinton Konuszewski","Pittsburgh",""
"Cole Mcgowan","UC Irvine",""
"Helmuth Braendel","Miami",""
"Nicholas Hyde","Western Carolina",""
"Matthew Wilkinson","Wichita State",""
"Samuel Seeker","Akron",""
"Jaden Gustafson","Wichita State",""
"Treyjen Meza","New Mexico State",""
"Xaige Lancaster","New Mexico State",""
"Mark Tortorella","Akron",""
"Noah Mitchell","The Citadel",""
"Samuel Whiting","UC Santa Barbara",""
"Andrew Wilson","Iowa",""
"Sean Sieve","Texas A&M Corpus Christi",""
"James Burchett","Texas A&M Corpus Christi",""
"Sean Curtis","Texas A&M Corpus Christi",""
"Charles Green","Texas Southern",""
"Lucas Kelly","Texas A&M",""
"Logan Lunceford","Missouri",""
"Matt Tucker","Texas A&M",""
"Jaron Nevarez","San Diego State",""
"Arderrius Townsend","Jackson State",""
"Cesar Saavedra","Jackson State",""
"Ricky Tibbett","San Diego State",""
"Noland Genies","Maryland Eastern Shore",""
"Michael Boeve","Omaha",""
"Josh Hankins","Coppin State","Gonzaga"
"Pablo Ruiz","South Florida",""
"Miguel Baez","Grambling State",""
"Trevor Austin","Missouri",""
"Chase Franken","Youngstown State",""
"Matthew Howat","William & Mary",""
"Thomas Green","Oakland",""
"Garet Crenshaw","Sacramento State",""
"Cameron Howard","Western Illinois",""
"John Popick","Akron",""
"Griffin Harrison","Sacramento State",""
"Luke Tanner","Northwestern",""
"Evan Vandenbosch","Queens (NC)",""
"Christian Del Campo","Queens (NC)",""
"Noah Covington","Maryland Eastern Shore",""
"Nathan Lee","Cal State Northridge",""
"Joe Dechiaro","Old Dominion",""
"Parker Seay","South Florida",""
"Alec Greenblatt","Maryland Eastern Shore",""
"Tristan Werner","Fairleigh Dickinson",""
"Robert O'Neal","Old Dominion",""
"Devin Pelletier","Fairleigh Dickinson",""
"Logan Castleman","Morehead State",""
"Wilson Kafka","Morehead State",""
"Jacob Cothran","Middle Tennessee",""
"Grant Besser","Rutgers",""
"Jordon Smiley-Gouldbourne","Jackson State",""
"Hunter Baldwin","Harvard",""
"Isaiah Barkett","NC State","Stetson"
"Chaz Myers","Pacific",""
"Nelson Rivera","South Florida",""
"Andrew Carson","Michigan State",""
"Patrick Hail","Lamar",""
"Noah Zertuche","William & Mary",""
"Riley Bauman","Abilene Christian","TCU"
"Samuel Crowell","UT Arlington",""
"Martin Kaplan","Northwestern",""
"Jacob Krausher","Akron",""
"Luke Farris","Western Kentucky","Georgia"
"Branson Tressler","Utah Tech",""
"Bryson Hudgens","McNeese",""
"Andrew Delaney","Western Kentucky",""
"Charles Gonzalez","McNeese",""
"Brian Schutte","Western Kentucky",""
"Payton Tinkler","McNeese",""
"Sebastian Mexico","Fordham",""
"Kaito Hara","Akron",""
"Justin Solimine","Manhattan",""
"Darryl Dilworth","California",""
"Miguel Baez","Grambling",""
"Dylan Vega","South Florida",""
"Pablo Ruiz","South Florida",""
"Carson Cotugno","Wake Forest",""
"Justin Johnson","Coppin State",""
"Kevin Miranda","Coppin State",""
"Cody Haley-Smith","Prairie View A&M",""
"Mason Kelley","Arizona",""
"Tai Walton","Hawaii",""
"Austin Troesser","Missouri",""
"Rene Lastres","Florida",""
"Mason Ornelas","Nebraska",""
"Jack Poist","Akron",""
"Blake Mozley","Nebraska",""
"Logan Koester","George Washington",""
"Michael Gupton","NC State",""
"John Modugno","Rutgers",""
"Eric Crouse","Wagner",""
"Nolan Genies","Maryland Eastern Shore",""
"Charlie Weber","Wofford",""
"Andrew Nelson","Iowa",""
"Joe Kroner","Rutgers",""
"TJ McCants","Ole Miss",""
"Miles Garrett","Vanderbilt",""
"Sam Seeker","Akron",""
"Matt Wilkinson","Wichita State",""
"Nick Hyde","Western Carolina",""
"Tim Strickland","Gardner-Webb",""
"Conor Hourigan","Sacramento State",""
"Joseph Morgan","Stonehill",""
"Christian Loescher","Stonehill",""
"William Hunt","Radford",""
"Brendan Concannon","UT Arlington",""
"Tommy Kuykendall","UT Arlington",""
"Zach Reynolds","Creighton",""
"Benjy Tucker","Sacramento State",""
"Bobby Rusher","Gardner-Webb",""
"Jonathan Hogart","Louisiana Tech",""
"Seth Owen Sumner","UC San Diego",""
"Dylan Goldstein","Florida Atlantic",""
"Dominic Presto","Florida Atlantic",""
"Tyler Monzon","Florida Atlantic",""
"James Snipes","Mississippi Valley State",""
"Gage Bradley","Missouri State",""
"Dante Leach","Southern Illinois",""
"Richard Dell","Kent State",""
"Cameron Jowaiszas","Nevada",""
"Jacob Blawn","Long Beach State",""
"Cole Sansom","Kent State",""
"Kyle Atkinson","Texas State",""
"Zack Malone","Sacramento State",""
"Chandler Murphy","Missouri",""
"Beau Blanchard","New Orleans",""
"Charlie Rhee","San Diego State",""
"Amari Bartee","Marshall",""
"Sam Garcia","High Point",""
"Wagner Morrissette","Maryland","Gaston (NC)"
"Austin Teixeira","Hawaii",""
"Ian Farrow","Miami",""
"Matt Lorenzano","Long Beach State",""
"Cole Derks","Miami",""
"Kaden Martin","Miami",""
"Elakim Stowe","Maryland",""
"Ariel Garcia","Miami",""
"Ty Tilson","USC Upstate",""
"Ryder Hernandez","Texas State",""
"Connor Walsh","Rice",""
"Zach Sigmon","Mississippi Valley State",""
"Keith Harden","Mississippi Valley State",""
"Christian Lothes","Charlotte",""
"Kyle Hopke","North Dakota State",""
"Jaxon Grossman","Utah",""
"Ryan Dykstra","Oakland",""
"Skylar Cannady","East Tennessee State",""
"Lucas Prokosch","Fairleigh Dickinson",""
"Adam Euler","Evansville",""
"Gavin Abrams","Clemson",""
"Marc Seibert","Mississippi State",""
"Caiden Matheny","UCF",""
"Ryan Zimmer","Michigan",""
"Will Benjamin","Western Illinois",""
"Ty Santa Barbara","Albany",""
"Luca Danos","William & Mary",""
"Owen Sillman","Albany",""
"Matt Cavanaugh","UT Arlington",""
"Ethan Reader","Illinois-Chicago",""
"Austin Brewer","UTSA",""
"Parker Schmidt","Utah Tech",""
"Brett Porthan","Utah Tech",""
"Josh McCusker","Coastal Carolina",""
"Caden Parker","Maryland Eastern Shore",""
"Tyler Nichol","Coppin State",""
"Marcos Herrand","Coppin State",""
"Jordan Hamberg","Coppin State",""
"James Aselta","Lafayette",""
"Michael Bechetti","Fairfield",""
"Tristan Sipple","NC State",""
"Bradley Chesteron","Lindenwood",""
"Austin Henry","Wichita State","Oklahoma"
"Addison Kopack","Rhode Island",""
"Reagan Paulina","Oakland",""
"Jared Glenn","Arizona State",""
"Christian Perez","New Mexico State",""
"Noah Rabon","USC Upstate",""
"Jace Presley","Grand Canyon",""
"Sakemi Sato","New Mexico State",""
"Will Rogers","Arizona State",""
"Reece Rappoli","Brown",""
"Jeric Curtis","Texas Tech",""
"Ryan Bates","Siena",""
"Paul Toetz*","Purdue",""
"Anthony Santamaria","San Jose State",""
"Garett Wallace","East Tennessee State",""
"Evan Chaffee","Alabama",""
"Tommy Tavarez-Jimenez","Pittsburgh",""
"Drew Wyers","Stetson","Manhattan"
"Noah Samol","Georgia Tech",""
"Michael Diduch","UT Arlington",""
"Kyle Mahady","Saint Peter's",""
"Tanner Rice","UT Arlington",""
"Jake Lazzaro","Liberty",""
"Thomas Szczepanski","Virginia Tech",""
"Cooper Robinson","UC Irvine",""
"Tyler Dean","Virginia Tech","South Carolina"
"Michael Handal*","Fairfield",""
"Jaden Agassi","Southern California",""
"Jack Sellinger","UNLV",""
"Kyler Carmack","Arkansas State","Ole Miss"
"Michael Marella","Fairfield",""
"Devan Barnett","Virginia Commonwealth",""
"Hunter Spiel","Kent State",""
"Colin Bergmann","Saint Louis",""
"Michael Polk","Georgia",""
"Jalen Grant","George Mason",""
"Jonathan Little","Georgia",""
"Adam Walker","Oklahoma",""
"Will Poindexter","Georgia",""
"Eric Van Valkenburg","Oklahoma",""
"Colton Sundloff","Oklahoma","San Diego"
"Charlie Goldstein","Georgia",""
"Gabe Murrell","Oklahoma",""
"Justin Johnson","Jackson State",""
"Erwins Branche","Jackson State",""
"Bret Bowers","Lindenwood",""
"Andrew Miller","Seattle",""
"Shea Hendrixson","Southern Indiana",""
"John Davis","UL Monroe",""
"Magnum Hofstetter","Hawaii",""
"Chase Nett","North Dakota State",""
"Richard Elmore","Grand Canyon",""
"Blake Reilly","Grand Canyon",""
"Andre Jackson","Prairie View A&M",""
"Maddox Thornton","Grand Canyon",""
"Julian Orozco","Long Beach State",""
"Patrick Dunn","Wichita State",""
"Nico Lopez","Southern California",""
"Quin Spalding","Gardner-Webb",""
"Cooper Erikson","Wofford",""
"Yan Ortiz","SE Missouri State",""
"Jurgen Zwitzer","Texas Southern",""
"Brody Wilson","Texas Southern",""
"Garrett Telaga","Jacksonville State",""
"Michael Conte","Central Michigan",""
"Logen Sutton","East Tennessee State",""
"Carter Sheppard","High Point",""
"Aaron Groller","Seton Hall",""
"John Vitucci","Seton Hall",""
"Blake Ciuffetelli","Southern Indiana",""
"Ethan Vecrumba","Indiana",""
"Sal Alvarez","Florida",""
"Jesse Specter","Seton Hall",""
"Will Tynes","Tulane",""
"Sam Gilliam","Sacramento State",""
"Chase Engelhard","Tulane",""
"Michael Rice","UC Santa Barbara",""
"Grant Comstock","Northwestern",""
"Jose Ruiz","UC Santa Barbara",""
"Ckyler Tengler","Little Rock",""
"Thomas Takayoshi","Fresno State",""
"Nathan Swarts","Washington State",""
"Joel Cervantes","UC Riverside",""
"Devin Marton","Nevada",""
"Xavier Martinez","Cal State Northridge",""
"Lucas Loos","Oakland",""
"Braden Frank","Sacramento State",""
"Ian Pennington","Akron",""
"Daniel Dewey","Middle Tennessee",""
"Leif Bigelow","East Tennessee State",""
"Caden Miller","San Diego State",""
"Dom Coombe","Florida Gulf Coast",""
"Keanu Maldonado","Prairie View A&M",""
"Jimmy Starling","The Citadel",""
"Hunter Thomas","Arkansas State",""
"James Urban","Hawaii",""
"Reese Dutton","USC Upstate","Kansas"
"Elliot Gallegos","UC Santa Barbara",""
"Blake Hofhens","Utah Tech",""
"Roderick Coffee","Texas Southern",""
"Michael Elko","Northwestern",""
"Jared Snyder","Long Beach State","Cal State Fullerton"
"James Dill","Clemson",""
"Joshua Fluet","Texas Southern",""
"Hunter Omlid","Grand Canyon",""
"Cole Dale","UC San Diego",""
"Tafton Hensley","Oregon",""
"Dolan Ramsey","Jacksonville",""
"Travis Phelps","Houston",""
"Matthew Moore","Southern Indiana",""
"Max Martin","Stonehill",""
"Luke Jessen","Nebraska",""
"Adian Martinez","Arkansas-Pine Bluff",""
"Cam Frederick","Omaha",""
"Jared Adams","Mississippi Valley State",""
"Noah Karliner","New Mexico State",""
"Tyler White","Long Beach State","Sacramento State"
"Joseph Gann","Texas State",""
"Chase Hudson","Coastal Carolina",""
"Zach Johnson","Portland",""
"Dalton Bargo","Missouri",""
"Rodrigo Barajas","Cal State Northridge",""
"Stanton Luethner","South Florida",""
"Adam Murhead","Baylor",""
"Hambleton Oliver","Baylor",""
"Peter Fusek","Western Illinois",""
"Aaron Dolney","Eastern Michigan",""
"Garrett Gearner","Stephen F. Austin",""
"Will Spears","Memphis",""
"Mark McNelly","Seton Hall",""
"Drew Buhr","Bellarmine","Indiana"
"Ryan Dyal","Auburn",""
"Dexter Swims","Memphis",""
"Max Puckett","Mercer",""
"Cam Czerwinski","James Madison",""
"Jaden Sheppard","Fresno State",""
"Charles Dean","Cincinnati",""
"Joshua Kross","Eastern Michigan",""
"Nick Moore","Texas State",""
"Nasir Frederick","Grambling State",""
"Nathan Rusher","Fordham",""
"Gage Singer","UT Arlington",""
"Bruce Hilton","Coppin State",""
"Mario Cuevas","Coppin State",""
"Dillon Lifrieri","UNC Wilmington",""
"Cole Roberts","Loyola Marymount",""
"Camden Hill","Auburn",""
"Justin Acal","Pittsburgh",""
"Jordan Vera","Ole Miss","Virginia Tech"
"Max Debiec","Texas A&M",""
"Enzo Apodaca","Gonzaga",""
"Andrew McKenna","Washington State",""
"Juan De La Cruz","Virginia",""
"Treyton Rank","Florida State",""
"Reed Interdonato","Monmouth",""
"Sean McGee","Northeastern",""
"Daniel Brown","Campbell",""
"Luke Wagner","Georgia",""
"Travis Garnett","Maryland",""
"Sena Perkins","Akron",""
"Cole Pauley","Ohio State",""
"Nick Mazzotta","Fairleigh Dickinson",""
"Matthew Stam","Mount St. Mary's",""
"Dylan Rogers","Appalachian State",""
"Anthony Martin","Jacksonville State",""
"Jalen Freeman","Texas Southern",""
"Brayden Moore","Troy",""
"Kyle Froehlich","Northwestern State",""
"Alejandro Holgun","USC Upstate",""
"John Thorbahn","Northeastern",""
"Ben Lumsden","UT Arlington",""
"SAm Beck","BYU",""
"Alex Stanwich","Tennessee",""
"Christian Cienfiuegos","Rice",""
"Aaron Smigelski","Rice",""
"Gray Bailey","UT Arlington",""
"Ben Hampton*","West Virginia","TCU"
"Ryan Brome","Texas Tech",""
"Cruz Barrios","UC Riverside",""
"Josh Sauser","Northwestern",""
"Zach Trevino","Prairie View A&M",""
"Michael Dattalo","Northwestern State",""
"Grady Rowlett","Northwestern State",""
"Drayton Brown","Northwestern State",""
"Justin Loer*","Xavier","LSU"
"Xavier Lovett","Memphis",""
"Austin Baskin","Memphis",""
"Andrew Devine","Texas Tech",""
"Collin Horton","New Orleans",""
"Quintt Landis","Pepperdine",""
"Luke Masuiuk","Northeastern",""
"Connor Rasmussen","East Carolina","Tulane"
"Jaylen Guy","Liberty",""
"Jacob Hasty","Missouri",""
"Slate Alford","Mississippi State","Georgia"
"Kevin Mannell","Kansas State","Cloud County (KS)"
"Mitchell Sampson","Western Illinois",""
"Carson Stevens","Cal Poly",""
"Justin Banks","UNC Wilmington",""
"Joe Acosta","East Tennessee State",""
"Manny Johnson","Liberty",""
"Creighton Hansen","Liberty",""
"Corey Savedoff","Rhode Island",""
"Will Butler","Rhode Island",""
"Ed Jarvis","Northeastern",""
"Wyatt Jensen","St. Thomas",""
"Zach Hopman","Michigan State",""
"Ryan Lobus","Mercer","Charlotte"
"Lawson Knight","Kansas State",""
"Ramses Cordova","Winthrop",""
"Dominic Hughes","Kansas State",""
"Payton Green","NC State",""
"Dylan Dieguez","Bethune-Cookman",""
"Aidan Garrett","Little Rock",""
"Matt Riley","Queens (NC)",""
"Brayden Brooks","UT Arlington",""
"Brett Garcia","Baylor",""
"Ethan Mishra","Tulane",""
"Charlie Pagliarini","Fairfield",""
"William Marcy","NC State",""
"Jake McGillvray","Stetson",""
"Ethan Rossi","Illinois-Chicago",""
"Blake Brogdon","Rice",""
"Truitt Luth","Omaha",""
"Bailyn Sorensen","Northwestern State",""
"Cole Reynolds","Elon",""
"Ryan Andrade","Rhode Island",""
"Andrew Ruggiero","Maine",""
"Dylan Kurahashi-Choy Foo","Tarleton State",""
"Matthew Dubois","Saint Peter's",""
"Ben Karpowicz","Illinois State",""
"Corbin Bassham","Missouri State",""
"Logan Hurd","Loyola Marymount",""
"Tyson Heaton","Grand Canyon",""
"Noah Grayson","Texas Southern",""
"Evan Smith","West Virginia",""
"Chris Sleeper","West Virginia",""
"Alvin Keels","West Virginia",""
"Will Fitzgerald","Fairfield",""
"Sam Alswang","Central Connecticut State",""
"Ethan Toone","SIU-Edwardsville",""
"Cole Caruso","USC Upstate",""
"Kade Shatwell","Oklahoma State",""
"Shotaro Hamada","UC Davis",""
"Emilio Morales","Santa Clara",""
"Troy McCain","Cal Poly",""
"Charles Welch","Cal Poly",""
"Josh Randall","Arizona","San Diego"
"Chris Stamos","California",""
"Mason Greer","Missouri State",""
"Dylan Heine","Rider",""
"Max Mrakovcic","UL Monroe",""
"Chris Dicochea","Washington",""
"Ryan Lee","Little Rock",""
"Matt Jonas","UNC Greensboro",""
"Jack Grant","Arizona",""
"Ashton Riley","Southern",""
"Ethan Chenault","UNC Wilmington","Florida State"
"Nick Cosentino","Charlotte",""
"Everette Harris","NC State","Appalachian State"
"Nick Willard","Liberty",""
"Matt Rivera","Ball State",""
"Zach Lane","Ball State",""
"Boris Pena","Bethune-Cookman",""
"Miller Ladusau","Abilene Christian",""
"Eric Grintz","North Carolina",""
"Chris Zielinski","Jacksonville State","South Alabama"
"Dillon Carter","Texas Tech",""
"Matt Bohnert","Lipscomb",""
"Derrick Jackson","Jacksonville State",""
"Bobby Zmarzlak","Maryland",""
"Armando Albert","Florida Atlantic",""
"Jackson Avila","Florida State",""
"Taiga Yamane","Troy",""
"Scott Shaw","Rider",""
"Tanner Garrison","Coastal Carolina",""
"Joshua Williams","UC Santa Barbara",""
"Brandon Siegenthaler","Villanova",""
"Frank Degaetano","Villanova",""
"Brady Plunkett","Rider",""
"Cam Leiter","UCF","Florida State"
"Eddie Saldivar","Long Beach State","Fresno State"
"Casey Cummings","Chabot College","Texas"
"Cameron Calvillo","Ohlone College (CA)","Gonzaga"
"Brendan O'Sullivan","San Joaquin Delta","UNLV"
"Kyle Carr","Palomar (CA)","TCU"
"Tyler Pugliese","Albany",""
"Brendan Girton","Texas Tech","Oklahoma"
"Jacob Saurez","Charlotte",""
"Josh Stevenson","LSU",""
"Matt Ellis","Indiana",""
"Luke Lesch","Rider",""
"Luke Vongoedert","Radford",""
"Brock Donnelly","Queens (NC)",""
"Colin Yablonski","Coastal Carolina",""
"Caleb Estes","Maryland",""
"Austin Bell","Prairie View A&M",""
"William Murphy","East Carolina",""
"Yoel Tejeda","Florida","Florida State"
"Teddy Deters","Xavier",""
"Collin Brougham","South Alabama",""
"Austin Hawke","North Carolina",""
"Evan Wallace","UC Irvine",""
"Isaiah Burke","Oregon State",""
"Jacob-Thomas Navyac","Cal State Fullerton",""
"Brendan Bobo","Cal State Fullerton",""
"Jalen Martinez","Ball State",""
"Carter Herrera","Cal State Fullerton",""
"Treston Wheeler","Oregon State",""
"William Florio","Stonehill",""
"Nolan Holmgren","Marshall",""
"Orlando Pena","Coastal Carolina",""
"Merek Sears","Houston",""
"Dawson Hall","Minnesota",""
"Braden Boisvert","Oregon State",""
"Christian Mracna","George Mason",""
"Calvert Clark","Charlotte",""
"Luke Hayden","Indiana","Indiana State"
"Justin Cassella","Elon",""
"Nick Finarelli","Virginia Tech",""
"Evan Dieter","St. Bonaventure",""
"Ryland Zaborowski","Miami (OH)",""
"Logan Rushing","Memphis",""
"Jorge De Goti","Indiana",""
"Cade Hermann","Western Illinois",""
"Nick Frazier","Virginia Commonwealth",""
"Vladimir Ceverino","Eastern Kentucky",""
"Sebastian Orduno","Oklahoma",""
"Wallace Clark","Oklahoma",""
"Kade Fletcher","Oklahoma",""
"Dante Girardi","FIU",""
"Jonathan Driskell","Sam Houston",""
"Andrew Whiteherse","Gardner-Webb",""
"Connor Wilford","Washington State",""
"Matthew Venuto*","Fairfield",""
"Ivan Arias","Vanderbilt",""
"Dax Dathe","Texas Tech",""
"Wiley Hartley","Campbell","UCF"
"Noah Rinehart","Sacramento State",""
"Cade Anderson","Campbell",""
"Steven Casas","San Jose State",""
"Grant Cleavinger","Tulane",""
"Chandler Williford","Campbell",""
"George Ferguson","Campbell",""
"Will Norris","North Alabama",""
"Izeah Muniz","Cal State Fullerton",""
"Drew Winters","Campbell",""
"Mark Henderson","Abilene Christian",""
"Ryan Lambert","Missouri State",""
"Craig Yoho","Indiana",""
"Cole Vanderslice","Villanova",""
"Jacob Putnam","Santa Clara",""
"Brad Hallock","Northern Colorado",""
"Justin Thorsteinson","Oregon State",""
"Ely Kennel","Oregon State",""
"Victor Quinn","Oregon State",""
"Renzo Gonzalez","Miami",""
"Gabe Gutierrez","Miami",""
"JD Jones","Miami","Rutgers"
"Sebastian Perez","Miami",""
"Zaylen Perry","UAB",""
"Alex Walsh","Miami",""
"Mike Torniero","Central Connecticut State",""
"Michael Salina","George Mason",""
"Max Chapman","Michigan State",""
"Landon Price","Ohio State",""
"Luke Piazza","UC Davis",""
"Ben Stoner","Wright State",""
"John O'Donnell","Rider",""
"Zack Zavala","Houston",""
"Blake Jackson","Charlotte","South Carolina"
"Sebastian Granados","Cal State Northridge",""
"Derek Blackmore","Arkansas-Pine Bluff",""
"Tyler Fote","Central Connecticut State",""
"TJ Nichols*","Arizona",""
"Blake Wink","Fresno State",""
"David Grewe","Oregon State",""
"Peyton Chatagnier","Ole Miss",""
"Alec Gonzalez","Lipscomb",""
"Cole Syversen","Valparaiso",""
"Darrien Chapman","Mississippi Valley State",""
"Sam Hojnar*","Iowa",""
"Blake Rogers","Baylor",""
"Harold Coll","Arkansas",""
"Luke Boone","Georgia State",""
"Adrian Vega","Indiana",""
"Hudson White","Texas Tech","Arkansas"
"Jordan Trapani","Nicholls State",""
"Colby Guy","Jackson State",""
"Peyton Brown","Campbell",""
"Carsten Finnvold","Florida",""
"Kyle Lessler","Manhattan",""
"Mack Timbrock","Kent State",""
"Reese Lipoma","Northwestern State",""
"Bryson Huwar","St. Bonaventure",""
"Connor Larson","Wofford",""
"Zack Ramppen","West Virginia",""
"Simon Baumgardt","Tulane",""
"Nick Sando","Santa Clara",""
"Marko Gibbons","Marist",""
"Chris Fidanza","George Mason",""
"Trey Brown","UMass-Lowell",""
"Jarred Mazzaferro","Washington",""
"Michael Snyder","Washington",""
"Piercen McElyea","Tarleton State",""
"Brayden Davidson","College of Charleston",""
"Logan Danzeisen","Purdue",""
"Dylan O'Connell","St. Thomas",""
"Gabe Perez","Bethune-Cookman",""
"Bryan Pina","Bethune-Cookman",""
"Payton Tolle","Wichita State",""
"Thomas Golbranson","St. Thomas",""
"Max D'Alessandro","Fairleigh Dickinson",""
"Eli Weisner","Charlotte",""
"Sam Mongelli","Sacred Heart",""
"Daniel Baruch","Boston College",""
"Caleb Menina","New Orleans",""
"Cooper Hellman","Indiana",""
"Jake Fitzgibbons","Tennessee",""
"Ryan Borberg","Illinois State",""
"Michael Braswell","South Carolina","LSU"
"John Marr","College of Charleston",""
"Augie Collins","Northwestern",""
"Jack Gurerrero","UNC Wilmington",""
"Alex Forry","Eastern Michigan",""
"Andrew Fischer*","Duke","Ole Miss"
"Tim Simay","Ole Miss",""
"Colin Dailey","St. Thomas",""
"Ryan Peters","SE Louisiana",""
"Vinny Bianchina","Northwestern",""
"Nate Hardman","Evansville","Notre Dame"
"Julian Hachem","Oklahoma","North Dakota State"
"Rans Sanders","Omaha","Nebraska"
"Logan Kohler*","Memphis",""
"Ben Brokemond","Miami (OH)",""
"Chris Kahler","George Washington",""
"Grant Miller","Ball State",""
"Brett Thomas","South Carolina",""
"Will Rigney","Baylor","Texas"
"Ryan Orr","Washington State",""
"Gabe Ulloa","Cal State Bakersfield",""
"Ian Petrutz*","Maryland",""
"Josh Rolling","Sacramento State",""
"Jackson Sleeper","Christian Brothers","Jacksonville State"
"Hudson Shupe","Seattle","Gonzaga"
"Jacob Morin","Tennessee Tech","Ohio State"
"Reece Beuter","Dallas Baptist","Iowa"
"Matthew Marchal*","Wofford","Clemson"
"Trevor Tishenkel","Cal Poly",""
"Jacob Sullens","Texas A&M-Corpus Christi",""
"Joe Cardinale","Utah",""
"Jaxson West","Alabama",""
"Noah Short","West Virginia","Florida State"
"Juan Rivera","UT Rio Grande Valley",""
"Owen Marsh","St. Thomas",""
"Rowen Watt","UNC Greensboro",""
"Corbin Ybarra","Tulane",""
"Dylan King","North Carolina",""
"Alex Knapp","George Mason",""
"Angel Lara-Acevedo","Northern Kentucky",""
"Anthony Ursitti","Florida",""
"Eldridge Armstrong","San Diego State",""
"Luke Byler","Northern Colorado",""
"Alex Olivo","Texas Southern",""
"Nick Matson","West Virginia",""
"Ben Lake","California",""
"Daniel Doligale","Illinois",""
"Izaak Siefken","Illinois",""
"Nick Bacura","Santa Clara",""
"Whitney Lance","Santa Clara",""
"Ben Cagginelli","Cal State Bakersfield",""
"Matthew Flores","Hawaii",""
"Alex Henderson","Binghamton",""
"Devin Smith","Utah Valley",""
"Xander Sielken","Hawaii",""
"Jake Tsukada","Portland",""
"Tyler McKenzie","Vanderbilt",""
"Ty Good","College of Charleston",""
"Ryan Belluomini","San Jose State",""
"Isaac Ontiveros","Cal State Northridge",""
"Justin Banks","UNC Wilmington",""
"Tyler Campbell","Alabama A&M",""
"Vinny Fattore","Duke",""
"Luke Delongchamp","Boston College",""
"Preyvon Blaylock","Georgia Tech","State College of Manatee"
"Brandon Beaver","Ashland","Missouri State"
"Luke Napleton","Quincy University","Louisville"
"Matt Scannell","Princeton",""
"Clay Cook","Southeastern Louisiana",""
"Josh Harlow","Mercer",""
"Seth Lucero","Youngstown State",""
"Bryce Fowler","Southern Miss",""
"Brandon McPherson","Northern Illinois",""
"Grant Kerry","Tarleton State",""
"Dominic Niman","Central Connecticut State",""
"Jared Feikes","Santa Clara",""
"Kendall Ewell","Kentucky",""
"Casey Artigues","Southern Miss",""
"Santiago Gomez","Bethune-Cookman",""
"Colton Olasin","Bethune-Cookman",""
"Brett Wichrowski","Bryant",""
"Evan Clark","Southern California",""
"Colby Shelton*","Alabama","Florida"
"Bryce Eblin","Alabama",""
"Rawley Hector","Louisiana Tech",""
"Carlo Lopiccolo","Cal Poly",""
"Andrew Mosiello","Oregon",""
"Tyler Ganus","Oregon","Northwestern"
"Jacob Hughes","Oregon",""
"Jakob Paturnak","Xavier",""
"Javon Hernandez","Jacksonville State",""
"Evan Sleight*","Rutgers",""
"Kevin Dowdell","West Virginia",""
"Tyler Cox","West Virginia",""
"Brock Blatter","Alabama",""
"Ernesto Polanco","Charleston Southern",""
"Quinn Rooks","Brown",""
"Reed Gannon","Kentucky",""
"Lucas Johnson","Wright State",""
"Jack Zyska","Notre Dame",""
"Kevin Millar","St. Thomas",""
"Seaver King*","Wingate","Wake Forest"
"Kyle West","Charleston (WVa.)","West Virginia"
"Tommy Henniger","Ole Miss","USC Upstate"
"Miller Riggins","Kennesaw State","Samford"
"Lucas Donlon","Virginia Tech",""
"Collin Jensen","St. Peter's",""
"Jared Keefe","Gardner-Webb",""
"Trevor Hinkel","Cal State Fullerton",""
"Ty Rybarczyk","Illinois","Indiana"
"Kobe Minchey","Texas",""
"Chris Stuart","Texas",""
"Andrew Crumbley","Morehead State","Butler"
"Dominic Palma","Northern Colorado",""
"Seth Logue","Kentucky",""
"Phillip Fox","Gardner-Webb",""
"Vinny Cicollelo","UC Riverside",""
"Zach Leach","Missouri",""
"Hayden Cooper","SIU-Edwardsville",""
"Ryan Hanks","Arizona State",""
"Christian Almanza","Saint Mary's",""
"Collin Ruddy","George Washington",""
"Sam Hill","Louisiana",""
"Cade McGarrh","Texas Tech",""
"Andrew Woods","Alabama",""
"Aidan Sweatt","North Florida",""
"Kyle Ayers","Houston",""
"Billy Amick*","Clemson",""
"Mitchell Daly","Texas","Kentucky"
"Julian Tonghini","Boston College",""
"Cole Miller","Washington",""
"Jordan Thompson","Nicholls",""
"Nolan Hughes","Fordham",""
"Javier Felix","Cal State Northridge",""
"Nick Angelakos","Samford",""
"Ethan Bosacker*","Xavier",""
"Kyle Kuramoto","Alabama State",""
"Adiel Melendez","Alabama State",""
"Juan Azar","Alabama State",""
"John Saffold","Alabama State",""
"JD Urso","Tampa (DII)","Ole Miss"
"Wyatt Parliament","Rutgers","Virginia Tech"
"Jack Eshleman","Hamilton (DIII)","Rutgers"
"Carson Myers","UAB","Auburn"
"Christian Hall","UAB","Auburn"
"Eric Fettinger","Western Illinois","Wichita State"
"Jordan Parsons","Central Oklahoma","Kansas State"
"Jake Karaba","Lewis","Louisville"
"Edward Micheletti","George Washington",""
"Austin O'Malley","Marshall",""
"Easton Rulli","Utah",""
"Adam Vaughn","Texas A&M-Corpus Christi",""
"Thomas Molsky","Penn State",""
"Michael Dolberry","Longwood",""
"Ely Ruiz","Northern Colorado",""
"Kyle Dernedde","Oregon State",""
"Alex Calarco","Northwestern",""
"Jacob Strmiska","New Mexico",""
"Anthony Mitta","Campbell",""
"Trey Pooser","College of Charleston","Kentucky"
"Jake Riordan","Arkansas-Pine Bluff",""
"Bobby Christy","Pepperdine",""
"Brennan Chisholm","Canisius",""
"Alan Aguero","New Mexico State",""
"Cannon Peebles*","NC State",""
"Maurice Hampton","Samford","Memphis"
"JD Suarez","Charlotte",""
"Daniel Rivera","Southern New Hampshire","Kansas State"
"Michael La Rocca","Southern New Hampshire","Florida Atlantic"
"Carter Benbrook","UC Santa Barbara","Tulane"
"Riley Gowens","Illinois",""
"Nate Williams","Mississippi State",""
"Chris Ewing","Winthrop",""
"Kolby Branch*","Baylor",""
"Ruben Del Castillo","Wagner",""
"Jake Martinez","Grand Canyon",""
"Elijah Hainline","Washington State",""
"Levi Huesman","Coastal Carolina",""
"Ben Roberts","USC Upstate",""
"Jackson Reynolds","Clemson",""
"Winston Wheeler","South Carolina",""
"Oscar Murray","Seton Hall",""
"Ryan Fischer","New Jersey Tech",""
"Jack Rich","George Washington",""
"Tyler Preece","Incarnate Word",""
"Jack Dedonato","New Mexico",""
"Nathen Morris","Long Beach State",""
"James Starnes","Richmond",""
"John Volpe","Richmond",""
"Joe Cromwick","Oregon",""
"Aidan Gilroy","Western Kentucky",""
"Ethan Moore","SE Louisiana",""
"Pete Durocher","Manhattan","Rutgers"
"Mac Bingham*","Arizona",""
"Cade Boxrucker","Campbell",""
"Peyton Olejnik","Oklahoma",""
"Cameron Laliberte","Arizona",""
"Bryce Grizzaffi","SE Louisiana",""
"Pat Sanchez","College of Charleston",""
"Kyle Speas","Maryland Eastern Shore",""
"Alex Vera","Illinois",""
"Jonah Sarabia","SE Missouri State",""
"Jeremy Garcia","Bethune-Cookman",""
"James Gladden","Virginia Commonwealth",""
"Joe Vitello","Saint Peter's",""
"Christian Mitchelle","Central Michigan",""
"Jeff Massicotte","Saint Peter's",""
"Omar Lopez","Bethune-Cookman",""
"Kyle Lesler","Manhattan",""
"Jared Evans","Eastern Illinois",""
"Luke  Lyman","Morehead State","West Virginia"
"Cam Landry","Georgia State",""
"Daniel Merkel","Wagner",""
"Clayton Chadwick","Sam Houston",""
"Luke Johnson","Middle Tennessee",""
"Jeff Heinrich","Santa Clara",""
"Dakota Jordan*","Mississippi State",""
"Kannon Stull","Evansville",""
"Connor Spencer","SE Louisiana",""
"Parker Noland*","Vanderbilt",""
"Garrett Pennington*","Wichita State","NC State"
"Luke Calveric","Radford","William & Mary"
"Jimmy Obertop","Michigan",""
"Luke Holman","Alabama",""
"Lenny Ashby","New Mexico","Kansas"
"Gary Grosjean","San Francisco State","CSU Bakersfield"
"Aron Harrington","Western Illinois","Missouri Southern"
"Jake Stadler","Purdue","Indiana"
"Shea Sprague*","Elon","North Carolina"
"AJ Fiechter","Western Kentucky",""
"Jason Bollman","LSU","Oklahoma"
"David Bishop","TCU",""
"Dillon Lewis","Queens",""
"Evan Minarovic","Northeastern",""
"Ethan Alexander","Western Illinois",""
"Thomas White","Illinois",""
"Nick Lundquist","North Carolina A&T",""
"Cade Nelis","Purdue Fort Wayne",""
"Ryan Rissas","UC San Diego",""
"Alejandro Flores","Tarleton State",""
"Ryan Ulisse","Rider",""
"Will Cook","Louisville",""
"Tyler Cox","Dartmouth",""
"Patrick Perry","Southern Illinois",""
"James McCormick","Arkansas State",""
"Adam Berghorst","Michigan State",""
"Caleb Stewart","Georgia State",""
"Matt Davis","Little Rock",""
"David Utagawa","Northwestern",""
"Tyler Mudd","Holy Cross",""
"Jordan Little","East Carolina",""